{
  "/purchase.php-2" : {
    "transaction" : "/purchase.php-2",
    "sampleCount" : 1500,
    "errorCount" : 44,
    "errorPct" : 2.9333334,
    "meanResTime" : 6799.045333333341,
    "medianResTime" : 7155.5,
    "minResTime" : 354.0,
    "maxResTime" : 10780.0,
    "pct1ResTime" : 10268.9,
    "pct2ResTime" : 10397.9,
    "pct3ResTime" : 10569.99,
    "throughput" : 45.51937608108518,
    "receivedKBytesPerSec" : 75.2117006607896,
    "sentKBytesPerSec" : 30.627783320183287
  },
  "/confirmation.php-3" : {
    "transaction" : "/confirmation.php-3",
    "sampleCount" : 1500,
    "errorCount" : 23,
    "errorPct" : 1.5333333,
    "meanResTime" : 5665.205999999998,
    "medianResTime" : 4984.0,
    "minResTime" : 338.0,
    "maxResTime" : 10576.0,
    "pct1ResTime" : 10219.9,
    "pct2ResTime" : 10331.95,
    "pct3ResTime" : 10484.97,
    "throughput" : 43.86862808177113,
    "receivedKBytesPerSec" : 64.65596028426872,
    "sentKBytesPerSec" : 34.143844317550375
  },
  "Total" : {
    "transaction" : "Total",
    "sampleCount" : 4500,
    "errorCount" : 126,
    "errorPct" : 2.8,
    "meanResTime" : 6204.843111111133,
    "medianResTime" : 5800.5,
    "minResTime" : 338.0,
    "maxResTime" : 13221.0,
    "pct1ResTime" : 10269.0,
    "pct2ResTime" : 10476.95,
    "pct3ResTime" : 12042.929999999998,
    "throughput" : 95.60635676043172,
    "receivedKBytesPerSec" : 145.3029476634869,
    "sentKBytesPerSec" : 65.82273585557067
  },
  "/reserve.php-1" : {
    "transaction" : "/reserve.php-1",
    "sampleCount" : 1500,
    "errorCount" : 59,
    "errorPct" : 3.9333334,
    "meanResTime" : 6150.2779999999975,
    "medianResTime" : 5733.0,
    "minResTime" : 535.0,
    "maxResTime" : 13221.0,
    "pct1ResTime" : 10574.6,
    "pct2ResTime" : 11344.550000000001,
    "pct3ResTime" : 12263.8,
    "throughput" : 58.465855940130965,
    "receivedKBytesPerSec" : 83.79664479069224,
    "sentKBytesPerSec" : 35.91310877572498
  }
}