{
  "POST_Auth" : {
    "transaction" : "POST_Auth",
    "sampleCount" : 3000,
    "errorCount" : 52,
    "errorPct" : 1.7333333,
    "meanResTime" : 17618.31166666669,
    "medianResTime" : 19346.0,
    "minResTime" : 1157.0,
    "maxResTime" : 34991.0,
    "pct1ResTime" : 27257.5,
    "pct2ResTime" : 28984.55,
    "pct3ResTime" : 31925.809999999998,
    "throughput" : 74.19314949919624,
    "receivedKBytesPerSec" : 20.192708977371087,
    "sentKBytesPerSec" : 18.40337887968344
  },
  "CREATE_Booking" : {
    "transaction" : "CREATE_Booking",
    "sampleCount" : 3000,
    "errorCount" : 2848,
    "errorPct" : 94.933334,
    "meanResTime" : 11473.068999999996,
    "medianResTime" : 10719.5,
    "minResTime" : 0.0,
    "maxResTime" : 32266.0,
    "pct1ResTime" : 19756.8,
    "pct2ResTime" : 21004.8,
    "pct3ResTime" : 21990.609999999993,
    "throughput" : 46.44681839294008,
    "receivedKBytesPerSec" : 32.42263097035145,
    "sentKBytesPerSec" : 18.536816360891777
  },
  "Delete_Booking" : {
    "transaction" : "Delete_Booking",
    "sampleCount" : 3000,
    "errorCount" : 3000,
    "errorPct" : 100.0,
    "meanResTime" : 1731.5890000000022,
    "medianResTime" : 1303.5,
    "minResTime" : 641.0,
    "maxResTime" : 18382.0,
    "pct1ResTime" : 3229.9,
    "pct2ResTime" : 3482.0,
    "pct3ResTime" : 6317.699999999993,
    "throughput" : 47.785919082510354,
    "receivedKBytesPerSec" : 11.767018133760752,
    "sentKBytesPerSec" : 11.05643591709143
  },
  "Total" : {
    "transaction" : "Total",
    "sampleCount" : 15000,
    "errorCount" : 10594,
    "errorPct" : 70.62666,
    "meanResTime" : 9967.869200000028,
    "medianResTime" : 7118.0,
    "minResTime" : 0.0,
    "maxResTime" : 37198.0,
    "pct1ResTime" : 24403.9,
    "pct2ResTime" : 26697.0,
    "pct3ResTime" : 30982.94,
    "throughput" : 181.15723240057488,
    "receivedKBytesPerSec" : 104.67124538426468,
    "sentKBytesPerSec" : 50.82093711504088
  },
  "Get_BookingBYID" : {
    "transaction" : "Get_BookingBYID",
    "sampleCount" : 3000,
    "errorCount" : 1695,
    "errorPct" : 56.5,
    "meanResTime" : 11222.891666666686,
    "medianResTime" : 3612.0,
    "minResTime" : 0.0,
    "maxResTime" : 37198.0,
    "pct1ResTime" : 26709.8,
    "pct2ResTime" : 28984.95,
    "pct3ResTime" : 32644.97,
    "throughput" : 44.86652209676213,
    "receivedKBytesPerSec" : 62.653396185410905,
    "sentKBytesPerSec" : 4.377217037127047
  },
  "Update_Booking" : {
    "transaction" : "Update_Booking",
    "sampleCount" : 3000,
    "errorCount" : 2999,
    "errorPct" : 99.96667,
    "meanResTime" : 7793.484666666666,
    "medianResTime" : 3989.5,
    "minResTime" : 0.0,
    "maxResTime" : 26822.0,
    "pct1ResTime" : 20285.2,
    "pct2ResTime" : 22747.9,
    "pct3ResTime" : 25041.96,
    "throughput" : 45.005850760598875,
    "receivedKBytesPerSec" : 12.424032116362627,
    "sentKBytesPerSec" : 19.199273249272405
  }
}