{
  "POST_Auth" : {
    "transaction" : "POST_Auth",
    "sampleCount" : 2500,
    "errorCount" : 0,
    "errorPct" : 0.0,
    "meanResTime" : 15199.354800000016,
    "medianResTime" : 14668.5,
    "minResTime" : 1767.0,
    "maxResTime" : 26990.0,
    "pct1ResTime" : 21173.3,
    "pct2ResTime" : 22257.9,
    "pct3ResTime" : 24840.94,
    "throughput" : 60.87464692704783,
    "receivedKBytesPerSec" : 16.110380192607384,
    "sentKBytesPerSec" : 15.099765936982566
  },
  "CREATE_Booking" : {
    "transaction" : "CREATE_Booking",
    "sampleCount" : 2500,
    "errorCount" : 2131,
    "errorPct" : 85.24,
    "meanResTime" : 30044.303599999967,
    "medianResTime" : 30344.0,
    "minResTime" : 301.0,
    "maxResTime" : 41310.0,
    "pct1ResTime" : 33403.9,
    "pct2ResTime" : 34416.0,
    "pct3ResTime" : 39308.96,
    "throughput" : 43.08413469823872,
    "receivedKBytesPerSec" : 28.408163743408124,
    "sentKBytesPerSec" : 17.36268749676869
  },
  "Delete_Booking" : {
    "transaction" : "Delete_Booking",
    "sampleCount" : 2500,
    "errorCount" : 2214,
    "errorPct" : 88.56,
    "meanResTime" : 971.4927999999996,
    "medianResTime" : 626.0,
    "minResTime" : 578.0,
    "maxResTime" : 11543.0,
    "pct1ResTime" : 2176.9,
    "pct2ResTime" : 2282.8999999999996,
    "pct3ResTime" : 7435.019999999979,
    "throughput" : 32.855396827482885,
    "receivedKBytesPerSec" : 8.070825557556084,
    "sentKBytesPerSec" : 7.621322659710085
  },
  "Total" : {
    "transaction" : "Total",
    "sampleCount" : 12500,
    "errorCount" : 6650,
    "errorPct" : 53.2,
    "meanResTime" : 13730.64663999998,
    "medianResTime" : 13534.5,
    "minResTime" : 0.0,
    "maxResTime" : 41310.0,
    "pct1ResTime" : 30347.0,
    "pct2ResTime" : 31340.85,
    "pct3ResTime" : 35968.99,
    "throughput" : 143.26154974614053,
    "receivedKBytesPerSec" : 100.41059879388101,
    "sentKBytesPerSec" : 38.38744710067276
  },
  "Get_BookingBYID" : {
    "transaction" : "Get_BookingBYID",
    "sampleCount" : 2500,
    "errorCount" : 2175,
    "errorPct" : 87.0,
    "meanResTime" : 1456.371999999999,
    "medianResTime" : 1.0,
    "minResTime" : 0.0,
    "maxResTime" : 36833.0,
    "pct1ResTime" : 6148.6,
    "pct2ResTime" : 6915.799999999999,
    "pct3ResTime" : 35987.97,
    "throughput" : 38.62316153751082,
    "receivedKBytesPerSec" : 73.58297655187863,
    "sentKBytesPerSec" : 1.2332556524996912
  },
  "Update_Booking" : {
    "transaction" : "Update_Booking",
    "sampleCount" : 2500,
    "errorCount" : 130,
    "errorPct" : 5.2,
    "meanResTime" : 20981.70999999998,
    "medianResTime" : 22231.5,
    "minResTime" : 0.0,
    "maxResTime" : 29766.0,
    "pct1ResTime" : 27772.7,
    "pct2ResTime" : 28502.85,
    "pct3ResTime" : 29093.909999999996,
    "throughput" : 33.60711933215933,
    "receivedKBytesPerSec" : 14.43891811541357,
    "sentKBytesPerSec" : 14.277315131437444
  }
}